Date,Asset,Average Dividend Yield,Return on Assets,Total Debt to Total Assets,1-Year Volatility,Year,Ticker
2015-12-31,AAPL UW Equity,1.5231,20.4503,22.1557,26.975,2015,AAPL
2016-12-30,AAPL UW Equity,1.9037,14.9296,27.055,23.704,2016,AAPL
2017-12-29,AAPL UW Equity,1.463,13.8739,30.8218,17.661,2017,AAPL
2018-12-31,AAPL UW Equity,1.2849,16.0668,31.303,28.93,2018,AAPL
2019-12-31,AAPL UW Equity,1.3413,15.6924,31.9178,27.841,2019,AAPL
2020-12-31,AAPL UW Equity,0.8305,17.3341,37.7532,46.923,2020,AAPL
2015-12-31,ADBE UW Equity,0.0,5.593,16.2643,23.646,2015,ADBE
2016-12-30,ADBE UW Equity,0.0,9.5709,14.9024,25.009,2016,ADBE
2017-12-29,ADBE UW Equity,0.0,12.4405,12.9436,21.553,2017,ADBE
2018-12-31,ADBE UW Equity,0.0,15.5582,21.977,35.48,2018,ADBE
2019-12-31,ADBE UW Equity,0.0,14.9323,19.9315,25.965,2019,ADBE
2020-12-31,ADBE UW Equity,0.0,23.3537,19.3873,48.01,2020,ADBE
2015-12-31,ADI UW Equity,2.4424,10.0137,12.3242,31.727,2015,ADI
2016-12-30,ADI UW Equity,2.6351,11.4666,21.733,23.909,2016,ADI
2017-12-29,ADI UW Equity,2.0368,4.9964,37.1363,20.344,2017,ADI
2018-12-31,ADI UW Equity,1.9301,7.2486,30.9842,27.484,2018,ADI
2019-12-31,ADI UW Equity,1.7488,6.5167,25.672,29.436,2019,ADI
2020-12-31,ADI UW Equity,1.815,5.6963,25.4955,50.664,2020,ADI
2015-12-31,ADP UW Equity,2.3151,3.8877,4.5974,19.427,2015,ADP
2016-12-30,ADP UW Equity,2.3438,4.2879,5.3857,17.165,2016,ADP
2017-12-29,ADP UW Equity,2.1171,4.9584,5.1543,19.468,2017,ADP
2018-12-31,ADP UW Equity,1.9334,5.6797,5.4054,22.839,2018,ADP
2019-12-31,ADP UW Equity,1.9247,6.0861,6.2762,19.545,2019,ADP
2020-12-31,ADP UW Equity,2.3417,6.0861,6.2762,45.376,2020,ADP
2015-12-31,ADSK UW Equity,0.0,-6.3405,26.9741,28.474,2015,ADSK
2016-12-30,ADSK UW Equity,0.0,-11.2882,31.0685,35.546,2016,ADSK
2017-12-29,ADSK UW Equity,0.0,-12.7226,38.555,30.731,2017,ADSK
2018-12-31,ADSK UW Equity,0.0,-1.8275,44.1449,40.747,2018,ADSK
2019-12-31,ADSK UW Equity,0.0,3.9327,41.1794,30.464,2019,ADSK
2020-12-31,ADSK UW Equity,0.0,17.9537,28.9101,50.719,2020,ADSK
2015-12-31,ALGN UW Equity,0.0,13.4182,0.0,30.299,2015,ALGN
2016-12-30,ALGN UW Equity,0.0,14.8492,0.0,28.951,2016,ALGN
2017-12-29,ALGN UW Equity,0.0,14.5539,0.0,34.058,2017,ALGN
2018-12-31,ALGN UW Equity,0.0,20.8648,0.0,48.497,2018,ALGN
2019-12-31,ALGN UW Equity,0.0,19.4492,2.3673,49.813,2019,ALGN
2020-12-31,ALGN UW Equity,0.0,48.4528,1.7844,69.41,2020,ALGN
2015-12-31,ALXN UW Equity,0.0,1.6695,27.2658,35.195,2015,ALXN
2016-12-30,ALXN UW Equity,0.0,3.0315,24.8127,45.224,2016,ALXN
2017-12-29,ALXN UW Equity,0.0,3.3037,23.7866,32.532,2017,ALXN
2018-12-31,ALXN UW Equity,0.0,0.5641,23.0155,38.852,2018,ALXN
2019-12-31,ALXN UW Equity,0.0,15.2768,15.7467,38.089,2019,ALXN
2020-12-31,ALXN UW Equity,0.0,3.3854,15.3168,46.979,2020,ALXN
2015-12-31,AMAT UW Equity,2.0937,9.6693,29.6708,27.263,2015,AMAT
2016-12-30,AMAT UW Equity,1.694,11.5202,21.4482,30.983,2016,AMAT
2017-12-29,AMAT UW Equity,0.9215,20.7067,27.3135,26.614,2017,AMAT
2018-12-31,AMAT UW Equity,0.9001,16.3986,30.1083,40.318,2018,AMAT
2019-12-31,AMAT UW Equity,1.5524,14.7639,27.9279,36.694,2019,AMAT
2020-12-31,AMAT UW Equity,1.3806,17.4928,25.5312,60.089,2020,AMAT
2015-12-31,AMD UW Equity,0.0,-19.2673,72.5357,56.354,2015,AMD
2016-12-30,AMD UW Equity,0.0,-15.5504,43.2099,79.571,2016,AMD
2017-12-29,AMD UW Equity,0.0,-0.9603,39.2736,60.074,2017,AMD
2018-12-31,AMD UW Equity,0.0,8.3128,27.4363,63.311,2018,AMD
2019-12-31,AMD UW Equity,0.0,6.4437,12.077,53.777,2019,AMD
2020-12-31,AMD UW Equity,0.0,33.2221,6.5052,61.175,2020,AMD
2015-12-31,AMGN UW Equity,1.5479,9.8805,43.988,29.083,2015,AMGN
2016-12-30,AMGN UW Equity,2.036,10.3599,44.5675,24.884,2016,AMGN
2017-12-29,AMGN UW Equity,2.351,2.5117,44.2029,17.741,2017,AMGN
2018-12-31,AMGN UW Equity,2.4538,11.4696,51.0856,23.73,2018,AMGN
2019-12-31,AMGN UW Equity,2.7222,12.4355,50.9672,21.967,2019,AMGN
2020-12-31,AMGN UW Equity,2.5195,11.8446,53.1312,38.16,2020,AMGN
2015-12-31,AMZN UW Equity,0.0,0.9996,27.0885,32.882,2015,AMZN
2016-12-30,AMZN UW Equity,0.0,3.2008,24.4718,29.967,2016,AMZN
2017-12-29,AMZN UW Equity,0.0,2.8252,33.6204,20.712,2017,AMZN
2018-12-31,AMZN UW Equity,0.0,6.8534,30.3041,36.212,2018,AMZN
2019-12-31,AMZN UW Equity,0.0,5.9748,34.4221,25.683,2019,AMZN
2020-12-31,AMZN UW Equity,0.0,7.8072,31.2906,38.816,2020,AMZN
2015-12-31,ANSS UW Equity,0.0,9.2114,0.0,19.766,2015,ANSS
2016-12-30,ANSS UW Equity,0.0,9.6063,0.0,21.925,2016,ANSS
2017-12-29,ANSS UW Equity,0.0,9.0298,0.0,19.669,2017,ANSS
2018-12-31,ANSS UW Equity,0.0,13.5117,0.0,27.528,2018,ANSS
2019-12-31,ANSS UW Equity,0.0,11.1364,12.5743,23.93,2019,ANSS
2020-12-31,ANSS UW Equity,0.0,8.0502,15.8681,46.058,2020,ANSS
2015-12-31,ATVI UW Equity,0.7531,5.969,26.7218,27.521,2015,ATVI
2016-12-30,ATVI UW Equity,0.6148,5.9086,28.0025,31.522,2016,ATVI
2017-12-29,ATVI UW Equity,0.4749,1.5116,23.5162,30.131,2017,ATVI
2018-12-31,ATVI UW Equity,0.4431,10.11,14.9301,37.804,2018,ATVI
2019-12-31,ATVI UW Equity,0.6984,7.9661,14.8551,36.685,2019,ATVI
2020-12-31,ATVI UW Equity,0.5174,10.2295,16.8549,38.936,2020,ATVI
2015-12-31,AVGO UW Equity,0.909,12.9868,36.8236,40.117,2015,AVGO
2016-12-30,AVGO UW Equity,0.999,-5.7506,27.3026,29.879,2016,AVGO
2017-12-29,AVGO UW Equity,0.8326,3.2419,32.2467,24.148,2017,AVGO
2018-12-31,AVGO UW Equity,1.718,23.4528,34.8994,35.87,2018,AVGO
2019-12-31,AVGO UW Equity,2.449,4.632,48.5947,30.97,2019,AVGO
2020-12-31,AVGO UW Equity,3.3952,4.1276,54.9287,52.54,2020,AVGO
2015-12-31,BIDU UW Equity,0.0,24.8565,23.7202,39.758,2015,BIDU
2016-12-30,BIDU UW Equity,0.0,7.0531,24.3223,34.057,2016,BIDU
2017-12-29,BIDU UW Equity,0.0,8.439,17.3068,25.062,2017,BIDU
2018-12-31,BIDU UW Equity,0.0,10.0394,21.8116,35.506,2018,BIDU
2019-12-31,BIDU UW Equity,0.0,0.6869,24.4043,39.155,2019,BIDU
2020-12-31,BIDU UW Equity,0.0,7.0887,24.8233,45.642,2020,BIDU
2015-12-31,BIIB UW Equity,0.0,20.9761,33.46,43.075,2015,BIIB
2016-12-30,BIIB UW Equity,0.0,17.4736,28.4891,35.359,2016,BIIB
2017-12-29,BIIB UW Equity,0.0,10.914,25.1059,22.7,2017,BIIB
2018-12-31,BIIB UW Equity,0.0,18.1061,23.4747,35.351,2018,BIIB
2019-12-31,BIIB UW Equity,0.0,22.4225,23.6507,49.32,2019,BIIB
2020-12-31,BIIB UW Equity,0.0,15.4305,32.1355,66.887,2020,BIIB
2015-12-31,BKNG UW Equity,0.0,15.8511,35.3515,27.205,2015,BKNG
2016-12-30,BKNG UW Equity,0.0,11.4601,35.981,30.014,2016,BKNG
2017-12-29,BKNG UW Equity,0.0,10.3378,37.4091,22.33,2017,BKNG
2018-12-31,BKNG UW Equity,0.0,16.6106,38.1232,25.215,2018,BKNG
2019-12-31,BKNG UW Equity,0.0,22.069,43.2249,26.431,2019,BKNG
2020-12-31,BKNG UW Equity,0.0,0.2727,57.3238,51.928,2020,BKNG
2015-12-31,CDNS UW Equity,0.0,9.0878,14.6359,24.523,2015,CDNS
2016-12-30,CDNS UW Equity,0.0,9.143,33.0722,21.903,2016,CDNS
2017-12-29,CDNS UW Equity,0.0,9.0398,30.1552,20.019,2017,CDNS
2018-12-31,CDNS UW Equity,0.0,14.1498,18.0378,31.039,2018,CDNS
2019-12-31,CDNS UW Equity,0.0,33.9512,13.5933,26.935,2019,CDNS
2020-12-31,CDNS UW Equity,0.0,16.1643,12.5198,46.395,2020,CDNS
2015-12-31,CDW UW Equity,0.5069,6.2714,48.254,23.168,2015,CDW
2016-12-30,CDW UW Equity,0.7241,6.1939,46.5488,24.179,2016,CDW
2017-12-29,CDW UW Equity,0.7862,7.5185,46.4424,19.478,2017,CDW
2018-12-31,CDW UW Equity,0.8617,9.0984,44.7647,27.31,2018,CDW
2019-12-31,CDW UW Equity,0.8571,9.7158,43.4845,26.286,2019,CDW
2020-12-31,CDW UW Equity,1.0791,9.0924,44.1084,50.382,2020,CDW
2015-12-31,CERN UW Equity,0.0,10.6883,10.8801,24.114,2015,CERN
2016-12-30,CERN UW Equity,0.0,11.374,10.0134,26.068,2016,CERN
2017-12-29,CERN UW Equity,0.0,14.3311,8.1417,21.922,2017,CERN
2018-12-31,CERN UW Equity,0.0,9.5623,6.6141,27.151,2018,CERN
2019-12-31,CERN UW Equity,0.0029,7.7842,17.0065,21.285,2019,CERN
2020-12-31,CERN UW Equity,0.7612,10.8227,19.3601,31.868,2020,CERN
2015-12-31,CHKP UW Equity,0.0,13.6917,0.0,22.165,2015,CHKP
2016-12-30,CHKP UW Equity,0.0,14.0918,0.0,19.889,2016,CHKP
2017-12-29,CHKP UW Equity,0.0,15.0348,0.0,22.8,2017,CHKP
2018-12-31,CHKP UW Equity,0.0,14.5477,0.0,20.929,2018,CHKP
2019-12-31,CHKP UW Equity,0.0,14.2447,0.5065,19.935,2019,CHKP
2020-12-31,CHKP UW Equity,0.0,14.5914,0.0,34.653,2020,CHKP
2015-12-31,CHTR UW Equity,0.0,-0.8508,90.8612,27.911,2015,CHTR
2016-12-30,CHTR UW Equity,0.0,3.7392,41.4223,27.636,2016,CHTR
2017-12-29,CHTR UW Equity,0.0,6.6928,47.899,24.582,2017,CHTR
2018-12-31,CHTR UW Equity,0.0,0.8403,49.8371,32.831,2018,CHTR
2019-12-31,CHTR UW Equity,0.0,1.1335,54.2102,22.571,2019,CHTR
2020-12-31,CHTR UW Equity,0.0,2.2039,58.3173,35.438,2020,CHTR
2015-12-31,CMCSA UW Equity,1.5291,5.0093,31.5902,20.87,2015,CMCSA
2016-12-30,CMCSA UW Equity,1.5887,5.0007,33.8205,17.237,2016,CMCSA
2017-12-29,CMCSA UW Equity,1.4364,12.3573,34.4368,19.554,2017,CMCSA
2018-12-31,CMCSA UW Equity,1.7733,5.3426,44.3981,28.414,2018,CMCSA
2019-12-31,CMCSA UW Equity,1.8111,5.0697,42.5144,19.784,2019,CMCSA
2020-12-31,CMCSA UW Equity,1.9801,3.9212,41.4015,38.319,2020,CMCSA
2015-12-31,COST UW Equity,0.9795,7.1986,18.6116,18.048,2015,COST
2016-12-30,COST UW Equity,4.4986,7.1018,15.5927,17.67,2016,COST
2017-12-29,COST UW Equity,1.0757,7.7082,18.3399,19.054,2017,COST
2018-12-31,COST UW Equity,4.3932,8.1216,16.1254,22.632,2018,COST
2019-12-31,COST UW Equity,0.8507,8.4866,15.0859,17.076,2019,COST
2020-12-31,COST UW Equity,0.7646,7.9282,18.772,29.04,2020,COST
2015-12-31,CPRT UW Equity,0.0,13.2982,35.833,16.997,2015,CPRT
2016-12-30,CPRT UW Equity,0.0,15.68,38.8219,21.825,2016,CPRT
2017-12-29,CPRT UW Equity,0.0,21.7066,31.9313,19.426,2017,CPRT
2018-12-31,CPRT UW Equity,0.0,19.4801,17.3289,30.645,2018,CPRT
2019-12-31,CPRT UW Equity,0.0,24.373,15.7492,21.317,2019,CPRT
2020-12-31,CPRT UW Equity,0.0,23.319,14.9972,43.985,2020,CPRT
2015-12-31,CSCO UW Equity,2.5908,8.2187,22.3421,23.378,2015,CSCO
2016-12-30,CSCO UW Equity,2.8005,9.1344,23.545,21.955,2016,CSCO
2017-12-29,CSCO UW Equity,2.8486,7.6423,25.9725,16.011,2017,CSCO
2018-12-31,CSCO UW Equity,2.4954,0.0922,23.5044,26.566,2018,CSCO
2019-12-31,CSCO UW Equity,2.4717,11.251,25.2227,25.743,2019,CSCO
2020-12-31,CSCO UW Equity,3.1802,11.6421,16.4307,42.092,2020,CSCO
2016-12-30,CSX UW Equity,2.5311,4.886,31.8885,26.084,2016,CSX
2017-12-29,CSX UW Equity,1.4377,15.3781,33.0423,32.026,2017,CSX
2018-12-31,CSX UW Equity,1.2216,9.1323,40.1781,26.919,2018,CSX
2019-12-31,CSX UW Equity,1.2293,8.8843,43.8822,23.305,2019,CSX
2020-12-31,CSX UW Equity,1.3177,7.0852,43.2362,46.343,2020,CSX
2015-12-31,CTAS UW Equity,1.9887,16.7289,31.5804,17.961,2015,CTAS
2016-12-30,CTAS UW Equity,1.0657,8.7858,45.7846,19.892,2016,CTAS
2017-12-29,CTAS UW Equity,1.0175,12.2094,36.4362,17.828,2017,CTAS
2018-12-31,CTAS UW Equity,0.8937,12.2958,38.3206,23.914,2018,CTAS
2019-12-31,CTAS UW Equity,0.8917,11.5981,35.2734,22.224,2019,CTAS
2020-12-31,CTAS UW Equity,0.924,11.5981,35.2734,52.707,2020,CTAS
2015-12-31,CTSH UW Equity,0.0,13.2355,9.8231,26.128,2015,CTSH
2016-12-30,CTSH UW Equity,0.0,11.3677,6.1562,31.267,2016,CTSH
2017-12-29,CTSH UW Equity,0.0025,10.2025,5.7355,16.086,2017,CTSH
2018-12-31,CTSH UW Equity,0.5944,13.5256,4.7015,23.308,2018,CTSH
2019-12-31,CTSH UW Equity,1.2352,11.4945,10.5591,24.792,2019,CTSH
2020-12-31,CTSH UW Equity,1.2872,8.404,10.5182,48.467,2020,CTSH
2015-12-31,DLTR UW Equity,0.0,2.9123,46.2003,27.423,2015,DLTR
2016-12-30,DLTR UW Equity,0.0,5.6716,40.2621,28.99,2016,DLTR
2017-12-29,DLTR UW Equity,0.0,10.7029,34.7644,22.829,2017,DLTR
2018-12-31,DLTR UW Equity,0.0,-10.6643,31.592,37.129,2018,DLTR
2019-12-31,DLTR UW Equity,0.0,5.0006,51.245,29.654,2019,DLTR
2020-12-31,DLTR UW Equity,0.0,6.6644,46.5786,47.866,2020,DLTR
2019-12-31,DOCU UW Equity,0.0,-11.884,34.2905,44.683,2019,DOCU
2020-12-31,DOCU UW Equity,0.0,-11.5084,39.1932,60.203,2020,DOCU
2015-12-31,DXCM UW Equity,0.0,-24.1712,0.7877,40.282,2015,DXCM
2016-12-30,DXCM UW Equity,0.0,-18.8831,0.0,46.094,2016,DXCM
2017-12-29,DXCM UW Equity,0.0,-7.6823,36.2349,56.685,2017,DXCM
2018-12-31,DXCM UW Equity,0.0,-9.0139,52.7296,50.227,2018,DXCM
2019-12-31,DXCM UW Equity,0.0,4.6903,48.4635,47.205,2019,DXCM
2020-12-31,DXCM UW Equity,0.0,14.7663,43.0789,55.836,2020,DXCM
2015-12-31,EA UW Equity,0.0,17.5191,16.3121,30.81,2015,EA
2016-12-30,EA UW Equity,0.0,13.0959,12.8272,29.554,2016,EA
2017-12-29,EA UW Equity,0.0,12.796,11.5564,23.886,2017,EA
2018-12-31,EA UW Equity,0.0,11.6185,11.0975,32.108,2018,EA
2019-12-31,EA UW Equity,0.0,30.2855,10.9791,37.378,2019,EA
2020-12-31,EA UW Equity,0.0,30.2855,10.9791,36.504,2020,EA
2015-12-31,EBAY UW Equity,0.0,5.486,38.0118,26.423,2015,EBAY
2016-12-30,EBAY UW Equity,0.0,34.931,37.5729,30.962,2016,EBAY
2017-12-29,EBAY UW Equity,0.0,-4.0816,38.54,19.083,2017,EBAY
2018-12-31,EBAY UW Equity,0.0,10.3678,40.4093,31.305,2018,EBAY
2019-12-31,EBAY UW Equity,0.0062,8.7137,46.0658,24.602,2019,EBAY
2020-12-31,EBAY UW Equity,1.2706,30.2369,43.0606,38.321,2020,EBAY
2020-12-31,EXC UW Equity,3.6709,1.5439,31.4228,48.973,2020,EXC
2015-12-31,FAST UW Equity,2.4646,21.1123,14.4129,23.676,2015,FAST
2016-12-30,FAST UW Equity,2.5864,19.2027,14.6128,24.954,2016,FAST
2017-12-29,FAST UW Equity,2.5959,20.7406,14.2587,23.307,2017,FAST
2018-12-31,FAST UW Equity,2.3789,24.1303,15.0534,27.925,2018,FAST
2019-12-31,FAST UW Equity,2.4059,22.2119,15.5425,29.552,2019,FAST
2020-12-31,FAST UW Equity,2.1492,22.1286,16.3972,38.938,2020,FAST
2015-12-31,FB UW Equity,0.0,8.1906,0.2307,25.913,2015,FB
2016-12-30,FB UW Equity,0.0,17.8162,0.0,28.014,2016,FB
2017-12-29,FB UW Equity,0.0,21.2998,0.0,17.206,2017,FB
2018-12-31,FB UW Equity,0.0,24.3168,0.0,39.192,2018,FB
2019-12-31,FB UW Equity,0.0,16.0244,8.0952,29.677,2019,FB
2020-12-31,FB UW Equity,0.0,19.9158,7.0156,46.308,2020,FB
2015-12-31,FISV UW Equity,0.0,7.6362,45.9636,19.287,2015,FISV
2016-12-30,FISV UW Equity,0.0,9.7469,46.8234,17.846,2016,FISV
2017-12-29,FISV UW Equity,0.0,12.4401,47.6237,12.427,2017,FISV
2018-12-31,FISV UW Equity,0.0,11.0157,52.9124,20.739,2018,FISV
2019-12-31,FISV UW Equity,0.0,2.0112,29.2008,23.779,2019,FISV
2020-12-31,FISV UW Equity,0.0,1.2592,28.5182,47.288,2020,FISV
2020-12-31,FOXA UW Equity,0.0,4.8426,39.1724,49.379,2020,FOXA
2015-12-31,GILD UW Equity,0.0051,41.9264,42.6502,32.897,2015,GILD
2016-12-30,GILD UW Equity,1.559,24.8424,46.2397,27.217,2016,GILD
2017-12-29,GILD UW Equity,2.5595,7.2733,47.7242,21.367,2017,GILD
2018-12-31,GILD UW Equity,2.8322,8.1443,42.9085,27.895,2018,GILD
2019-12-31,GILD UW Equity,3.4757,8.5968,41.0826,22.345,2019,GILD
2020-12-31,GILD UW Equity,3.7002,0.1892,46.9499,37.725,2020,GILD
2015-12-31,GOOGL UW Equity,0.0,11.8186,3.5399,28.323,2015,GOOGL
2016-12-30,GOOGL UW Equity,0.0,12.3686,2.3493,20.486,2016,GOOGL
2017-12-29,GOOGL UW Equity,0.0,6.942,2.0117,15.38,2017,GOOGL
2018-12-31,GOOGL UW Equity,0.0,14.2929,1.7234,28.321,2018,GOOGL
2019-12-31,GOOGL UW Equity,0.0,13.5022,5.7871,24.758,2019,GOOGL
2020-12-31,GOOGL UW Equity,0.0,13.5239,8.3763,38.801,2020,GOOGL
2015-12-31,IDXX UW Equity,0.0,13.4358,79.3282,34.069,2015,IDXX
2016-12-30,IDXX UW Equity,0.0,14.7749,78.6638,25.643,2016,IDXX
2017-12-29,IDXX UW Equity,0.0,16.2228,73.6,24.353,2017,IDXX
2018-12-31,IDXX UW Equity,0.0,23.1964,65.0656,30.168,2018,IDXX
2019-12-31,IDXX UW Equity,0.0,25.3853,58.4143,26.36,2019,IDXX
2020-12-31,IDXX UW Equity,0.0,28.1934,38.9672,41.583,2020,IDXX
2015-12-31,ILMN UW Equity,0.0,13.136,29.573,37.247,2015,ILMN
2016-12-30,ILMN UW Equity,0.0,11.6122,24.5072,52.564,2016,ILMN
2017-12-29,ILMN UW Equity,0.0,15.224,22.6745,29.622,2017,ILMN
2018-12-31,ILMN UW Equity,0.0,13.5232,28.6967,36.683,2018,ILMN
2019-12-31,ILMN UW Equity,0.0,14.0385,25.7108,35.626,2019,ILMN
2020-12-31,ILMN UW Equity,0.0,8.8048,25.1285,46.73,2020,ILMN
2015-12-31,INCY UW Equity,0.0,0.7241,61.5315,50.666,2015,INCY
2016-12-30,INCY UW Equity,0.0,7.8776,39.7585,47.038,2016,INCY
2017-12-29,INCY UW Equity,0.0,-15.8908,1.0424,38.16,2017,INCY
2018-12-31,INCY UW Equity,0.0,4.4254,0.6589,44.663,2018,INCY
2019-12-31,INCY UW Equity,0.0,14.719,2.1034,32.301,2019,INCY
2020-12-31,INCY UW Equity,0.0,-8.4634,1.7332,42.773,2020,INCY
2015-12-31,INTC UW Equity,2.8134,11.7149,21.9958,24.661,2015,INTC
2016-12-30,INTC UW Equity,2.899,9.5345,22.3098,23.13,2016,INTC
2017-12-29,INTC UW Equity,2.776,8.1166,21.7551,17.122,2017,INTC
2018-12-31,INTC UW Equity,2.2078,16.7611,20.5989,34.024,2018,INTC
2019-12-31,INTC UW Equity,2.353,15.9161,21.6453,28.005,2019,INTC
2020-12-31,INTC UW Equity,2.3273,14.4323,24.1216,54.173,2020,INTC
2015-12-31,INTU UW Equity,0.7866,7.1787,10.0644,27.273,2015,INTU
2016-12-30,INTU UW Equity,0.9455,21.2411,23.5294,20.165,2016,INTU
2017-12-29,INTU UW Equity,0.8976,23.347,11.9961,17.618,2017,INTU
2018-12-31,INTU UW Equity,0.7023,28.885,8.5314,28.036,2018,INTU
2019-12-31,INTU UW Equity,0.6146,27.2751,6.9394,25.259,2019,INTU
2020-12-31,INTU UW Equity,0.6319,21.2153,33.2632,47.213,2020,INTU
2015-12-31,ISRG UW Equity,0.0,13.2812,0.0,22.538,2015,ISRG
2016-12-30,ISRG UW Equity,0.0,12.9171,0.0,21.164,2016,ISRG
2017-12-29,ISRG UW Equity,0.0,10.9412,0.0,19.165,2017,ISRG
2018-12-31,ISRG UW Equity,0.0,16.5582,0.0,33.412,2018,ISRG
2019-12-31,ISRG UW Equity,0.0,15.6918,0.7849,29.14,2019,ISRG
2020-12-31,ISRG UW Equity,0.0,10.1483,0.7154,45.724,2020,ISRG
2015-12-31,JD UW Equity,0.0,-12.023,7.4972,43.735,2015,JD
2016-12-30,JD UW Equity,0.0,-3.1027,12.6323,39.927,2016,JD
2017-12-29,JD UW Equity,0.0,-0.0884,12.935,29.764,2017,JD
2018-12-31,JD UW Equity,0.0,-1.2673,5.4173,45.41,2018,JD
2019-12-31,JD UW Equity,0.0,5.197,6.0176,40.659,2019,JD
2020-12-31,JD UW Equity,0.0,14.4881,6.0049,48.949,2020,JD
2016-12-30,KHC UW Equity,2.0646,2.9542,26.8958,20.924,2016,KHC
2017-12-29,KHC UW Equity,2.7527,9.0958,26.2324,16.698,2017,KHC
2018-12-31,KHC UW Equity,4.1189,-9.1182,30.1254,25.456,2018,KHC
2019-12-31,KHC UW Equity,7.84,1.8886,29.4184,43.375,2019,KHC
2020-12-31,KHC UW Equity,5.2548,0.3537,28.9652,43.754,2020,KHC
2015-12-31,KLAC UW Equity,31.4244,14.3929,61.6217,31.38,2015,KLAC
2016-12-30,KLAC UW Equity,2.9047,17.6486,52.9712,21.415,2016,KLAC
2017-12-29,KLAC UW Equity,2.2165,14.3636,39.68,25.399,2017,KLAC
2018-12-31,KLAC UW Equity,2.4073,16.0525,38.0016,36.468,2018,KLAC
2019-12-31,KLAC UW Equity,2.3396,13.3066,38.4651,32.424,2019,KLAC
2020-12-31,KLAC UW Equity,1.9429,13.3066,38.4651,60.086,2020,KLAC
2015-12-31,LRCX UW Equity,1.1051,8.4521,36.9643,28.631,2015,LRCX
2016-12-30,LRCX UW Equity,1.4141,13.9235,23.619,27.669,2016,LRCX
2017-12-29,LRCX UW Equity,1.1011,19.3534,19.9911,27.246,2017,LRCX
2018-12-31,LRCX UW Equity,1.4833,17.9032,37.8236,40.23,2018,LRCX
2019-12-31,LRCX UW Equity,2.1858,16.9557,41.1778,37.359,2019,LRCX
2020-12-31,LRCX UW Equity,1.445,16.9557,41.1778,63.799,2020,LRCX
2015-12-31,LULU UW Equity,0.0,20.3845,0.0,41.128,2015,LULU
2016-12-30,LULU UW Equity,0.0,20.4186,0.0,33.885,2016,LULU
2017-12-29,LULU UW Equity,0.0,14.1499,0.0,38.253,2017,LULU
2018-12-31,LULU UW Equity,0.0,23.6972,0.0,39.13,2018,LULU
2019-12-31,LULU UW Equity,0.0,24.0622,22.5505,31.818,2019,LULU
2020-12-31,LULU UW Equity,0.0,24.0622,22.5505,52.453,2020,LULU
2015-12-31,MAR UW Equity,1.0211,13.2695,67.5271,25.955,2015,MAR
2016-12-30,MAR UW Equity,1.3748,5.1618,35.2361,25.698,2016,MAR
2017-12-29,MAR UW Equity,1.1336,6.0809,34.5467,16.864,2017,MAR
2018-12-31,MAR UW Equity,1.0037,8.0224,39.4455,26.188,2018,MAR
2019-12-31,MAR UW Equity,1.2141,5.2229,47.7107,23.472,2019,MAR
2020-12-31,MAR UW Equity,1.8388,-1.0733,45.9334,66.462,2020,MAR
2015-12-31,MCHP UW Equity,3.0643,6.2819,44.3022,25.901,2015,MCHP
2016-12-30,MCHP UW Equity,2.7127,2.4893,38.3835,25.655,2016,MCHP
2017-12-29,MCHP UW Equity,1.7996,3.2037,37.1591,21.585,2017,MCHP
2018-12-31,MCHP UW Equity,1.714,2.6752,56.1689,36.062,2018,MCHP
2019-12-31,MCHP UW Equity,1.6328,3.1898,55.2126,34.295,2019,MCHP
2020-12-31,MCHP UW Equity,1.4689,3.1898,55.2126,61.923,2020,MCHP
2015-12-31,MDLZ UW Equity,1.4315,11.2133,24.5023,21.593,2015,MDLZ
2016-12-30,MDLZ UW Equity,1.4975,2.6676,27.9486,27.057,2016,MDLZ
2017-12-29,MDLZ UW Equity,1.66,4.5432,28.0382,16.721,2017,MDLZ
2018-12-31,MDLZ UW Equity,1.9472,5.3801,29.2879,19.002,2018,MDLZ
2019-12-31,MDLZ UW Equity,1.8737,6.1755,29.4614,15.887,2019,MDLZ
2020-12-31,MDLZ UW Equity,2.0049,5.3731,30.6444,34.05,2020,MDLZ
2015-12-31,MELI UW Equity,0.5447,10.7375,29.5242,31.666,2015,MELI
2016-12-30,MELI UW Equity,0.3044,11.5026,22.9278,35.903,2016,MELI
2017-12-29,MELI UW Equity,0.2488,0.9064,22.0187,40.388,2017,MELI
2018-12-31,MELI UW Equity,0.1793,-1.8701,32.8275,50.035,2018,MELI
2019-12-31,MELI UW Equity,0.0,-4.8994,21.2775,47.916,2019,MELI
2020-12-31,MELI UW Equity,0.0,-0.0125,26.1727,58.8,2020,MELI
2015-12-31,MNST UW Equity,0.0,14.5598,0.0,32.663,2015,MNST
2016-12-30,MNST UW Equity,0.0,14.6571,0.0,27.214,2016,MNST
2017-12-29,MNST UW Equity,0.0,18.3505,0.0,20.861,2017,MNST
2018-12-31,MNST UW Equity,0.0,21.3139,0.0,31.098,2018,MNST
2019-12-31,MNST UW Equity,0.0,22.8957,0.5815,26.84,2019,MNST
2020-12-31,MNST UW Equity,0.0,24.8319,0.344,35.883,2020,MNST
2019-12-31,MRNA UW Equity,0.0,-28.9461,8.5533,62.654,2019,MRNA
2020-12-31,MRNA UW Equity,0.0,-16.7387,3.2384,99.296,2020,MRNA
2015-12-31,MRVL UW Equity,2.0237,-14.3274,0.0,39.744,2015,MRVL
2016-12-30,MRVL UW Equity,2.2112,0.4192,0.0,36.42,2016,MRVL
2017-12-29,MRVL UW Equity,1.421,11.1325,0.0,27.846,2017,MRVL
2018-12-31,MRVL UW Equity,1.2019,-2.4325,17.298,35.88,2018,MRVL
2019-12-31,MRVL UW Equity,1.0546,14.9824,14.2229,34.879,2019,MRVL
2020-12-31,MRVL UW Equity,0.7637,-2.5326,12.3521,54.27,2020,MRVL
2015-12-31,MSFT UW Equity,2.6772,10.8854,28.4469,28.233,2015,MSFT
2016-12-30,MSFT UW Equity,2.619,11.2482,38.1632,22.88,2016,MSFT
2017-12-29,MSFT UW Equity,2.1874,6.5092,33.8067,14.812,2017,MSFT
2018-12-31,MSFT UW Equity,1.6738,14.3893,30.1704,28.276,2018,MSFT
2019-12-31,MSFT UW Equity,1.4313,15.065,27.2509,21.863,2019,MSFT
2020-12-31,MSFT UW Equity,1.0733,15.065,27.2509,44.186,2020,MSFT
2015-12-31,MU UW Equity,0.0,12.453,30.4063,49.792,2015,MU
2016-12-30,MU UW Equity,0.0,-1.068,35.984,51.22,2016,MU
2017-12-29,MU UW Equity,0.0,16.1874,31.5089,37.577,2017,MU
2018-12-31,MU UW Equity,0.0,35.9157,10.6879,50.015,2018,MU
2019-12-31,MU UW Equity,0.0,13.6848,11.9684,44.82,2019,MU
2020-12-31,MU UW Equity,0.0,5.2396,13.4692,58.382,2020,MU
2015-12-31,MXIM UW Equity,3.2215,5.3836,29.2779,28.758,2015,MXIM
2016-12-30,MXIM UW Equity,3.2396,12.9841,32.5515,24.102,2016,MXIM
2017-12-29,MXIM UW Equity,2.831,10.3598,33.4838,19.863,2017,MXIM
2018-12-31,MXIM UW Equity,2.7296,20.1936,26.5115,32.648,2018,MXIM
2019-12-31,MXIM UW Equity,3.2509,17.7585,29.0078,28.326,2019,MXIM
2020-12-31,MXIM UW Equity,3.0336,17.7585,29.0078,43.84,2020,MXIM
2015-12-31,NFLX UW Equity,0.0,1.4223,23.2421,49.404,2015,NFLX
2016-12-30,NFLX UW Equity,0.0,1.5694,24.762,44.746,2016,NFLX
2017-12-29,NFLX UW Equity,0.0,3.4291,34.1846,27.807,2017,NFLX
2018-12-31,NFLX UW Equity,0.0,5.3848,39.8856,46.618,2018,NFLX
2019-12-31,NFLX UW Equity,0.0,6.2282,48.1888,36.817,2019,NFLX
2020-12-31,NFLX UW Equity,0.0,7.539,47.1249,46.454,2020,NFLX
2015-12-31,NTES UW Equity,1.8886,18.8363,5.5221,39.274,2015,NTES
2016-12-30,NTES UW Equity,0.9485,23.3987,6.5752,41.852,2016,NTES
2017-12-29,NTES UW Equity,1.167,16.5933,9.3248,38.963,2017,NTES
2018-12-31,NTES UW Equity,1.3116,7.7879,15.7053,38.882,2018,NTES
2019-12-31,NTES UW Equity,0.6746,21.3343,15.429,37.635,2019,NTES
2020-12-31,NTES UW Equity,2.6605,9.4983,13.7478,44.745,2020,NTES
2015-12-31,NVDA UW Equity,1.4715,8.4277,20.5427,34.068,2015,NVDA
2016-12-30,NVDA UW Equity,0.8567,19.3597,28.6556,44.588,2016,NVDA
2017-12-29,NVDA UW Equity,0.3468,28.9062,17.792,41.583,2017,NVDA
2018-12-31,NVDA UW Equity,0.2537,33.7586,14.9564,50.451,2018,NVDA
2019-12-31,NVDA UW Equity,0.3563,18.2703,15.2642,41.563,2019,NVDA
2020-12-31,NVDA UW Equity,0.1782,18.7915,26.807,58.418,2020,NVDA
2015-12-31,NXPI UW Equity,0.0,9.1798,34.9548,45.61,2015,NXPI
2016-12-30,NXPI UW Equity,0.0,0.7805,36.8985,37.416,2016,NXPI
2017-12-29,NXPI UW Equity,0.0,9.0506,27.2984,6.757,2017,NXPI
2018-12-31,NXPI UW Equity,0.0027,9.6887,34.157,39.171,2018,NXPI
2019-12-31,NXPI UW Equity,0.5045,1.1698,38.1095,35.401,2019,NXPI
2020-12-31,NXPI UW Equity,1.0632,0.2609,38.3383,61.196,2020,NXPI
2018-12-31,OKTA UW Equity,0.0,-18.141,42.5346,58.882,2018,OKTA
2019-12-31,OKTA UW Equity,0.0,-14.2132,56.4735,46.264,2019,OKTA
2020-12-31,OKTA UW Equity,0.0,-10.1379,59.6944,51.435,2020,OKTA
2015-12-31,ORLY UW Equity,0.0,14.1,20.819,22.46,2015,ORLY
2016-12-30,ORLY UW Equity,0.0,14.9514,26.1934,22.466,2016,ORLY
2017-12-29,ORLY UW Equity,0.0,15.3465,39.3349,32.623,2017,ORLY
2018-12-31,ORLY UW Equity,0.0,17.0323,42.8168,28.529,2018,ORLY
2019-12-31,ORLY UW Equity,0.0,14.8791,54.6963,21.922,2019,ORLY
2020-12-31,ORLY UW Equity,0.0,15.706,53.1592,42.599,2020,ORLY
2015-12-31,PAYX UW Equity,3.1047,11.7258,0.0,17.587,2015,PAYX
2016-12-30,PAYX UW Equity,3.0497,12.3138,0.0,18.552,2016,PAYX
2017-12-29,PAYX UW Equity,3.0502,13.0611,0.0,15.081,2017,PAYX
2018-12-31,PAYX UW Equity,3.0608,12.8181,9.3292,20.156,2018,PAYX
2019-12-31,PAYX UW Equity,2.8368,12.7488,10.9465,17.439,2019,PAYX
2020-12-31,PAYX UW Equity,3.2202,12.7488,10.9465,48.947,2020,PAYX
2015-12-31,PCAR UW Equity,3.5542,7.6878,40.6991,24.972,2015,PCAR
2016-12-30,PCAR UW Equity,4.6098,2.4992,41.0642,26.209,2016,PCAR
2017-12-29,PCAR UW Equity,2.5208,7.6009,37.8811,20.023,2017,PCAR
2018-12-31,PCAR UW Equity,3.6175,8.9738,39.0485,25.82,2018,PCAR
2019-12-31,PCAR UW Equity,4.5927,8.8698,39.7079,22.961,2019,PCAR
2020-12-31,PCAR UW Equity,4.6745,4.5863,38.5513,36.016,2020,PCAR
2019-12-31,PDD UW Equity,0.0,-11.6867,8.7431,58.977,2019,PDD
2020-12-31,PDD UW Equity,0.0,-6.1113,10.6773,67.385,2020,PDD
2018-12-31,PEP UW Equity,2.8712,15.8969,41.625,18.645,2018,PEP
2019-12-31,PEP UW Equity,2.8197,9.3652,42.8126,14.555,2019,PEP
2020-12-31,PEP UW Equity,2.7912,8.3049,49.337,36.943,2020,PEP
2020-12-31,PTON UW Equity,0.0,-3.7231,18.2809,75.821,2020,PTON
2016-12-30,PYPL UW Equity,0.0,4.5205,0.0,28.44,2016,PYPL
2017-12-29,PYPL UW Equity,0.0,4.8594,2.4525,22.231,2017,PYPL
2018-12-31,PYPL UW Equity,0.0,4.8914,4.6109,33.969,2018,PYPL
2019-12-31,PYPL UW Equity,0.0,5.1952,10.6598,27.194,2019,PYPL
2020-12-31,PYPL UW Equity,0.0,6.9048,13.818,52.377,2020,PYPL
2015-12-31,QCOM UW Equity,2.4965,10.6088,21.5942,32.261,2015,QCOM
2016-12-30,QCOM UW Equity,3.1918,11.061,22.4546,28.403,2016,QCOM
2017-12-29,QCOM UW Equity,3.5783,4.1852,33.4316,27.57,2017,QCOM
2018-12-31,QCOM UW Equity,3.6139,-10.1129,50.0826,30.036,2018,QCOM
2019-12-31,QCOM UW Equity,3.4289,13.3632,48.3448,38.885,2019,QCOM
2020-12-31,QCOM UW Equity,2.5765,15.1654,45.6004,52.718,2020,QCOM
2015-12-31,REGN UW Equity,0.0,13.4661,6.4701,33.791,2015,REGN
2016-12-30,REGN UW Equity,0.0,14.2339,6.8666,39.854,2016,REGN
2017-12-29,REGN UW Equity,0.0,15.2309,8.0269,29.497,2017,REGN
2018-12-31,REGN UW Equity,0.0,23.8492,6.0378,32.335,2018,REGN
2019-12-31,REGN UW Equity,0.0,15.9444,4.9814,30.178,2019,REGN
2020-12-31,REGN UW Equity,0.0,21.9791,15.7062,43.159,2020,REGN
2015-12-31,ROST UW Equity,0.7944,21.3606,8.1334,27.123,2015,ROST
2016-12-30,ROST UW Equity,0.795,21.9611,7.4678,21.244,2016,ROST
2017-12-29,ROST UW Equity,0.8493,24.7068,6.9375,23.066,2017,ROST
2018-12-31,ROST UW Equity,0.7527,26.9158,5.1442,27.424,2018,ROST
2019-12-31,ROST UW Equity,0.8891,21.5396,37.3103,22.074,2019,ROST
2020-12-31,ROST UW Equity,1.0615,0.7739,45.0767,58.093,2020,ROST
2015-12-31,SBUX UW Equity,1.0489,23.8023,18.9066,22.675,2015,SBUX
2016-12-30,SBUX UW Equity,1.2046,21.0702,25.1384,20.345,2016,SBUX
2017-12-29,SBUX UW Equity,1.4885,20.1059,27.3751,17.559,2017,SBUX
2018-12-31,SBUX UW Equity,1.8389,23.4583,39.0791,23.548,2018,SBUX
2019-12-31,SBUX UW Equity,1.6437,16.5954,58.1021,19.966,2019,SBUX
2020-12-31,SBUX UW Equity,1.8266,3.8206,85.9889,45.781,2020,SBUX
2015-12-31,SGEN UW Equity,0.0,-17.7963,0.0,42.999,2015,SGEN
2016-12-30,SGEN UW Equity,0.0,-16.1652,0.0,52.102,2016,SGEN
2017-12-29,SGEN UW Equity,0.0,-14.6276,0.0,40.873,2017,SGEN
2018-12-31,SGEN UW Equity,0.0,-18.7037,0.0,41.478,2018,SGEN
2019-12-31,SGEN UW Equity,0.0,-8.5544,3.493,45.041,2019,SGEN
2020-12-31,SGEN UW Equity,0.0,19.7742,1.8654,47.658,2020,SGEN
2015-12-31,SIRI UW Equity,0.0,6.2102,67.7098,18.271,2015,SIRI
2016-12-30,SIRI UW Equity,0.0,9.295,73.0703,19.917,2016,SIRI
2017-12-29,SIRI UW Equity,0.003,7.9337,80.9947,21.477,2017,SIRI
2018-12-31,SIRI UW Equity,0.6398,14.2514,84.28,26.382,2018,SIRI
2019-12-31,SIRI UW Equity,0.7387,9.4608,74.8587,22.407,2019,SIRI
2020-12-31,SIRI UW Equity,0.8366,1.2196,86.7802,43.483,2020,SIRI
2015-12-31,SNPS UW Equity,0.0,4.6009,4.0628,21.393,2015,SNPS
2016-12-30,SNPS UW Equity,0.0,5.1881,3.9119,18.231,2016,SNPS
2017-12-29,SNPS UW Equity,0.0,2.5678,2.6682,15.672,2017,SNPS
2018-12-31,SNPS UW Equity,0.0,7.4944,7.636,24.628,2018,SNPS
2019-12-31,SNPS UW Equity,0.0,8.4832,2.1499,25.57,2019,SNPS
2020-12-31,SNPS UW Equity,0.0,9.2045,8.2626,42.947,2020,SNPS
2015-12-31,SPLK UW Equity,0.0,-20.0222,0.0,37.249,2015,SPLK
2016-12-30,SPLK UW Equity,0.0,-21.3468,0.0,49.389,2016,SPLK
2017-12-29,SPLK UW Equity,0.0,-9.861,0.0,31.925,2017,SPLK
2018-12-31,SPLK UW Equity,0.0,-8.3009,36.3197,46.24,2018,SPLK
2019-12-31,SPLK UW Equity,0.0,-6.7742,36.5488,37.677,2019,SPLK
2020-12-31,SPLK UW Equity,0.0,-16.0591,44.8771,62.561,2020,SPLK
2015-12-31,SWKS UW Equity,0.2511,23.8541,0.0,38.852,2015,SWKS
2016-12-30,SWKS UW Equity,0.9292,26.2766,0.0,39.29,2016,SWKS
2017-12-29,SWKS UW Equity,1.0618,23.9696,0.0,26.796,2017,SWKS
2018-12-31,SWKS UW Equity,1.2713,19.5352,0.0,33.189,2018,SWKS
2019-12-31,SWKS UW Equity,1.6311,17.6573,0.0,36.481,2019,SWKS
2020-12-31,SWKS UW Equity,1.2977,16.384,3.5032,56.435,2020,SWKS
2015-12-31,TCOM UW Equity,0.0,3.3406,26.1395,53.458,2015,TCOM
2016-12-30,TCOM UW Equity,0.0,-1.0869,28.7631,34.361,2016,TCOM
2017-12-29,TCOM UW Equity,0.0,1.4055,28.0671,24.398,2017,TCOM
2018-12-31,TCOM UW Equity,0.0,0.639,32.3721,40.592,2018,TCOM
2019-12-31,TCOM UW Equity,0.0,3.6327,25.5984,42.735,2019,TCOM
2020-12-31,TCOM UW Equity,0.0,-1.6762,30.6597,50.039,2020,TCOM
2016-12-30,TEAM UW Equity,0.0,-3.7369,0.0,47.426,2016,TEAM
2017-12-29,TEAM UW Equity,0.0,-6.1221,33.8437,35.605,2017,TEAM
2018-12-31,TEAM UW Equity,0.0,-23.6196,28.6699,46.277,2018,TEAM
2019-12-31,TEAM UW Equity,0.0,-10.2063,29.6284,40.019,2019,TEAM
2020-12-31,TEAM UW Equity,0.0,-10.2063,29.6284,45.036,2020,TEAM
2016-12-30,TMUS UW Equity,0.0,2.2758,46.1474,28.116,2016,TMUS
2017-12-29,TMUS UW Equity,0.0,6.6484,43.8034,22.735,2017,TMUS
2018-12-31,TMUS UW Equity,0.0,4.0383,41.5411,25.205,2018,TMUS
2019-12-31,TMUS UW Equity,0.0,4.3516,48.704,21.377,2019,TMUS
2020-12-31,TMUS UW Equity,0.0,2.1346,53.5801,40.827,2020,TMUS
2015-12-31,TSLA UW Equity,0.0,-12.7878,32.8339,39.007,2015,TSLA
2016-12-30,TSLA UW Equity,0.0,-4.3923,30.2441,39.334,2016,TSLA
2017-12-29,TSLA UW Equity,0.0,-7.6439,35.6473,35.743,2017,TSLA
2018-12-31,TSLA UW Equity,0.0,-3.3431,40.254,58.054,2018,TSLA
2019-12-31,TSLA UW Equity,0.0,-2.6917,42.5632,51.882,2019,TSLA
2020-12-31,TSLA UW Equity,0.0,1.6679,25.3663,90.022,2020,TSLA
2015-12-31,TXN UW Equity,2.3106,17.7728,25.3851,27.028,2015,TXN
2016-12-30,TXN UW Equity,2.2532,22.014,21.9646,21.506,2016,TXN
2017-12-29,TXN UW Equity,1.9635,21.6124,23.1096,16.249,2017,TXN
2018-12-31,TXN UW Equity,2.0094,32.0883,29.5734,30.959,2018,TXN
2019-12-31,TXN UW Equity,2.2916,28.5422,34.0493,27.638,2019,TXN
2020-12-31,TXN UW Equity,2.4747,29.9446,36.7888,43.288,2020,TXN
2015-12-31,VRSK UW Equity,0.0,12.7875,56.2365,23.887,2015,VRSK
2016-12-30,VRSK UW Equity,0.0,11.5639,51.5417,17.244,2016,VRSK
2017-12-29,VRSK UW Equity,0.0,10.4229,49.9776,15.499,2017,VRSK
2018-12-31,VRSK UW Equity,0.0,10.0448,46.1553,19.967,2018,VRSK
2019-12-31,VRSK UW Equity,0.0027,6.9453,48.1872,17.049,2019,VRSK
2020-12-31,VRSK UW Equity,0.5843,9.7517,46.6053,38.747,2020,VRSK
2015-12-31,VRSN UW Equity,0.0,17.6213,79.2998,21.401,2015,VRSN
2016-12-30,VRSN UW Equity,0.0,18.7816,79.9698,25.498,2016,VRSN
2017-12-29,VRSN UW Equity,0.0,17.3339,81.9446,13.785,2017,VRSN
2018-12-31,VRSN UW Equity,0.0,23.992,93.2381,30.085,2018,VRSN
2019-12-31,VRSN UW Equity,0.0,32.4955,96.9122,21.824,2019,VRSN
2020-12-31,VRSN UW Equity,0.0,45.01,101.9497,39.923,2020,VRSN
2015-12-31,VRTX UW Equity,0.0,-23.021,30.2148,41.089,2015,VRTX
2016-12-30,VRTX UW Equity,0.0,-4.1536,29.0239,43.235,2016,VRTX
2017-12-29,VRTX UW Equity,0.0,8.1792,1.2134,37.257,2017,VRTX
2018-12-31,VRTX UW Equity,0.0,42.8291,0.3991,33.661,2018,VRTX
2019-12-31,VRTX UW Equity,0.0,16.1601,8.0924,28.091,2019,VRTX
2020-12-31,VRTX UW Equity,0.0,27.0215,8.0197,47.295,2020,VRTX
2015-12-31,WBA UW Equity,1.5056,7.9599,20.911,28.045,2015,WBA
2016-12-30,WBA UW Equity,1.6927,5.8995,26.1776,21.152,2016,WBA
2017-12-29,WBA UW Equity,1.8486,5.8804,19.5958,18.504,2017,WBA
2018-12-31,WBA UW Equity,2.1858,7.4911,21.1335,27.889,2018,WBA
2019-12-31,WBA UW Equity,2.86,5.8679,26.983,28.714,2019,WBA
2020-12-31,WBA UW Equity,4.2306,0.5893,47.2549,48.815,2020,WBA
2018-12-31,WDAY UW Equity,0.0,-7.991,21.8227,40.086,2018,WDAY
2019-12-31,WDAY UW Equity,0.0,-7.7923,23.0307,36.265,2019,WDAY
2020-12-31,WDAY UW Equity,0.0,-3.6361,25.3879,51.875,2020,WDAY
2018-12-31,XEL UW Equity,3.0946,2.8332,37.6889,18.01,2018,XEL
2019-12-31,XEL UW Equity,2.5933,2.8454,40.6914,15.289,2019,XEL
2020-12-31,XEL UW Equity,2.4455,2.8217,41.1587,39.665,2020,XEL
2015-12-31,XLNX UW Equity,2.6557,11.3378,32.7655,24.529,2015,XLNX
2016-12-30,XLNX UW Equity,2.5248,13.0235,30.6205,24.362,2016,XLNX
2017-12-29,XLNX UW Equity,2.0577,9.468,33.8625,21.658,2017,XLNX
2018-12-31,XLNX UW Equity,1.9019,17.4258,23.9706,36.385,2018,XLNX
2019-12-31,XLNX UW Equity,1.3535,16.1046,27.8361,42.022,2019,XLNX
2020-12-31,XLNX UW Equity,1.495,16.1046,27.8361,48.995,2020,XLNX
2020-12-31,ZM UW Equity,0.0,20.4108,2.0011,83.001,2020,ZM
